TICK,LIFESPAN,FAIL_RATE,CPT
3,0,66.7,0.0
4,0,50.0,0.0
5,0,40.0,0.0
6,0,33.3,0.0
7,0,42.9,0.0
8,0,50.0,0.0
9,0,55.6,0.0
10,0,60.0,0.0
11,0,63.6,0.0
12,0,58.3,0.0
13,0,53.8,0.0
14,0,57.1,0.0
15,0,60.0,0.0
16,0,56.2,0.0
17,0,58.8,0.0
18,0,61.1,0.0
19,0,57.9,0.0
20,0,60.0,0.0
21,0,61.9,0.0
22,0,63.6,0.0
23,0,60.9,0.0
24,0,62.5,0.0
25,0,64.0,0.0
26,0,65.4,0.0
27,0,66.7,0.0
28,0,67.9,0.0
29,0,69.0,0.0
30,0,70.0,0.0
31,0,71.0,0.0
32,0,68.8,0.0
33,0,69.7,0.0
34,0,70.6,0.0
35,0,71.4,0.0
36,0,72.2,0.0
37,0,70.3,0.0
38,0,68.4,0.0
39,0,66.7,0.0
40,0,65.0,0.0
41,0,65.9,0.0
42,0,66.7,0.0
43,0,67.4,0.0
44,0,68.2,0.0
45,0,68.9,0.0
46,0,69.6,0.0
47,0,68.1,0.0
48,0,68.8,0.0
49,0,69.4,0.0
50,0,70.0,0.0
51,0,70.6,0.0
52,0,71.2,0.0
53,0,71.7,0.0
54,0,70.4,0.0
55,0,70.9,0.0
56,0,71.4,0.0
57,0,71.9,0.0
58,0,72.4,0.0
59,0,72.9,0.0
60,0,73.3,0.0
61,0,73.8,0.0
62,0,72.6,0.0
63,0,71.4,0.0
64,0,71.9,0.0
65,0,72.3,0.0
66,0,72.7,0.0
67,0,73.1,0.0
68,0,73.5,0.0
69,0,73.9,0.0
70,0,72.9,0.0
71,0,71.8,0.0
72,0,72.2,0.0
73,0,72.6,0.0
74,0,73.0,0.0
75,0,72.0,0.0
76,0,72.4,0.0
77,0,72.7,0.0
78,0,73.1,0.0
79,0,73.4,0.0
80,0,73.8,0.0
81,0,72.8,0.0
82,0,72.0,0.0
83,0,71.1,0.0
84,0,70.2,0.0
85,0,69.4,0.0
86,0,69.8,0.0
87,0,70.1,0.0
88,0,70.5,0.0
89,0,69.7,0.0
90,0,70.0,0.0
91,0,69.2,0.0
92,0,68.5,0.0
93,0,68.8,0.0
94,0,69.1,0.0
95,0,69.5,0.0
96,0,69.8,0.0
97,0,69.1,0.0
98,0,69.4,0.0
99,0,68.7,0.0
100,0,69.0,0.0
101,0,69.3,0.0
102,0,69.6,0.0
103,0,69.9,0.0
104,0,69.2,0.0
105,0,69.5,0.0
106,0,69.8,0.0
107,0,70.1,0.0
108,0,69.4,0.0
109,0,68.8,0.0
110,0,68.2,0.0
111,0,68.5,0.0
112,0,68.8,0.0
113,0,68.1,0.0
114,0,68.4,0.0
115,0,67.8,0.0
116,0,68.1,0.0
117,0,68.4,0.0
118,0,67.8,0.0
119,0,68.1,0.0
120,0,68.3,0.0
121,0,68.6,0.0
122,0,68.9,0.0
123,0,69.1,0.0
124,0,69.4,0.0
125,0,68.8,0.0
126,0,68.3,0.0
127,0,68.5,0.0
128,0,68.8,0.0
129,0,69.0,0.0
130,0,69.2,0.0
131,0,68.7,0.0
132,0,68.9,0.0
133,0,68.4,0.0
134,0,68.7,0.0
135,0,68.1,0.0
136,0,67.6,0.0
137,0,67.9,0.0
138,0,68.1,0.0
139,0,68.3,0.0
140,0,68.6,0.0
141,0,68.8,0.0
142,0,69.0,0.0
143,0,69.2,0.0
144,0,69.4,0.0
145,0,69.7,0.0
146,0,69.9,0.0
147,0,70.1,0.0
148,0,69.6,0.0
149,0,69.1,0.0
150,0,68.7,0.0
151,0,68.2,0.0
152,0,68.4,0.0
153,0,68.6,0.0
154,0,68.2,0.0
155,0,68.4,0.0
156,0,68.6,0.0
157,0,68.8,0.0
158,0,69.0,0.0
159,0,69.2,0.0
160,0,69.4,0.0
161,0,68.9,0.0
162,0,69.1,0.0
163,0,69.3,0.0
164,0,69.5,0.0
165,0,69.7,0.0
166,0,69.3,0.0
167,0,68.9,0.0
168,0,68.5,0.0
169,0,68.0,0.0
170,0,67.6,0.0
171,0,67.8,0.0
172,0,67.4,0.0
173,0,67.6,0.0
174,0,67.8,0.0
175,0,68.0,0.0
176,0,68.2,0.0
177,0,68.4,0.0
178,0,68.0,0.0
179,0,68.2,0.0
180,0,68.3,0.0
181,0,68.5,0.0
182,0,68.7,0.0
183,0,68.3,0.0
184,0,68.5,0.0
185,0,68.6,0.0
186,0,68.3,0.0
187,0,68.4,0.0
188,0,68.6,0.0
189,0,68.8,0.0
190,0,68.9,0.0
191,0,69.1,0.0
192,0,69.3,0.0
193,0,69.4,0.0
194,0,69.6,0.0
195,0,69.7,0.0
196,0,69.9,0.0
197,0,69.5,0.0
198,0,69.7,0.0
199,0,69.3,0.0
200,0,69.5,0.0
201,0,69.2,0.0
202,0,69.3,0.0
203,0,69.5,0.0
204,0,69.6,0.0
205,0,69.3,0.0
206,0,69.4,0.0
207,0,69.1,0.0
208,0,69.2,0.0
209,0,68.9,0.0
210,0,69.0,0.0
211,0,69.2,0.0
212,0,68.9,0.0
213,0,68.5,0.0
214,0,68.7,0.0
215,0,68.8,0.0
216,0,68.5,0.0
217,0,68.7,0.0
218,0,68.3,0.0
219,0,68.5,0.0
220,0,68.6,0.0
221,0,68.8,0.0
222,0,68.9,0.0
223,0,69.1,0.0
224,0,68.8,0.0
225,0,68.4,0.0
226,0,68.6,0.0
227,0,68.7,0.0
228,0,68.9,0.0
229,0,68.6,0.0
230,0,68.7,0.0
231,0,68.4,0.0
232,0,68.5,0.0
233,0,68.7,0.0
234,0,68.8,0.0
235,0,68.5,0.0
236,0,68.2,0.0
237,0,68.4,0.0
238,0,68.1,0.0
239,0,68.2,0.0
240,0,67.9,0.0
241,0,68.0,0.0
242,0,68.2,0.0
243,0,67.9,0.0
244,0,67.6,0.0
245,0,67.8,0.0
246,0,67.5,0.0
247,0,67.6,0.0
248,0,67.7,0.0
249,0,67.9,0.0
250,0,68.0,0.0
251,0,68.1,0.0
252,0,67.9,0.0
253,0,67.6,0.0
254,0,67.7,0.0
255,0,67.8,0.0
256,0,67.6,0.0
257,0,67.7,0.0
258,0,67.4,0.0
259,0,67.6,0.0
260,0,67.7,0.0
261,0,67.8,0.0
262,0,67.9,0.0
263,0,67.7,0.0
264,0,67.4,0.0
265,0,67.5,0.0
266,0,67.3,0.0
267,0,67.4,0.0
268,0,67.2,0.0
269,0,66.9,0.0
270,0,67.0,0.0
271,0,67.2,0.0
272,0,67.3,0.0
273,0,67.0,0.0
274,0,67.2,0.0
275,0,66.9,0.0
276,0,67.0,0.0
277,0,66.8,0.0
278,0,66.9,0.0
279,0,67.0,0.0
280,0,67.1,0.0
281,0,66.9,0.0
282,0,67.0,0.0
283,0,67.1,0.0
284,0,67.3,0.0
285,0,67.0,0.0
286,0,66.8,0.0
287,0,66.9,0.0
288,0,67.0,0.0
289,0,66.8,0.0
290,0,66.9,0.0
291,0,66.7,0.0
292,0,66.4,0.0
293,0,66.2,0.0
294,0,66.3,0.0
295,0,66.1,0.0
296,0,66.2,0.0
297,0,66.3,0.0
298,0,66.1,0.0
299,0,66.2,0.0
300,0,66.3,0.0
301,0,66.1,0.0
302,0,66.2,0.0
303,0,66.3,0.0
304,0,66.1,0.0
305,0,66.2,0.0
306,0,66.3,0.0
307,0,66.1,0.0
308,0,66.2,0.0
309,0,66.3,0.0
310,0,66.5,0.0
311,0,66.2,0.0
312,0,66.3,0.0
313,0,66.1,0.0
314,0,66.2,0.0
315,0,66.0,0.0
316,0,66.1,0.0
317,0,65.9,0.0
318,0,66.0,0.0
319,0,65.8,0.0
320,0,65.9,0.0
321,0,65.7,0.0
322,0,65.5,0.0
323,0,65.3,0.0
324,0,65.4,0.0
325,0,65.5,0.0
326,0,65.6,0.0
327,0,65.7,0.0
328,0,65.9,0.0
329,0,65.7,0.0
330,0,65.5,0.0
331,0,65.6,0.0
332,0,65.7,0.0
333,0,65.8,0.0
334,0,65.9,0.0
335,0,65.7,0.0
336,0,65.8,0.0
337,0,65.9,0.0
338,0,66.0,0.0
339,0,66.1,0.0
340,0,65.9,0.0
341,0,66.0,0.0
342,0,66.1,0.0
343,0,65.9,0.0
344,0,66.0,0.0
345,0,66.1,0.0
346,0,66.2,0.0
347,0,66.0,0.0
348,0,66.1,0.0
349,0,66.2,0.0
350,0,66.3,0.0
351,0,66.4,0.0
352,0,66.2,0.0
353,0,66.0,0.0
354,0,66.1,0.0
355,0,66.2,0.0
356,0,66.3,0.0
357,0,66.4,0.0
358,0,66.5,0.0
359,0,66.6,0.0
360,0,66.7,0.0
361,0,66.8,0.0
362,0,66.9,0.0
363,0,66.9,0.0
364,0,67.0,0.0
365,0,66.8,0.0
366,0,66.7,0.0
367,0,66.5,0.0
368,0,66.6,0.0
369,0,66.4,0.0
370,0,66.5,0.0
371,0,66.3,0.0
372,0,66.4,0.0
373,0,66.2,0.0
374,0,66.3,0.0
375,0,66.4,0.0
376,0,66.2,0.0
377,0,66.0,0.0
378,0,66.1,0.0
379,0,66.0,0.0
380,0,66.1,0.0
381,0,66.1,0.0
382,0,66.2,0.0
383,0,66.3,0.0
384,0,66.1,0.0
385,0,66.2,0.0
386,0,66.1,0.0
387,0,66.1,0.0
388,0,66.2,0.0
389,0,66.1,0.0
390,0,65.9,0.0
391,0,66.0,0.0
392,0,65.8,0.0
393,0,65.9,0.0
394,0,66.0,0.0
395,0,66.1,0.0
396,0,66.2,0.0
397,0,66.2,0.0
398,0,66.1,0.0
399,0,65.9,0.0
400,0,65.8,0.0
401,0,65.6,0.0
402,0,65.7,0.0
403,0,65.5,0.0
404,0,65.6,0.0
405,0,65.7,0.0
406,0,65.8,0.0
407,0,65.8,0.0
408,0,65.9,0.0
409,0,66.0,0.0
410,0,65.9,0.0
411,0,65.7,0.0
412,0,65.8,0.0
413,0,65.6,0.0
414,0,65.7,0.0
415,0,65.8,0.0
416,0,65.9,0.0
417,0,65.9,0.0
418,0,66.0,0.0
419,0,66.1,0.0
420,0,66.0,0.0
421,0,66.0,0.0
422,0,65.9,0.0
423,0,65.7,0.0
424,0,65.6,0.0
425,0,65.6,0.0
426,0,65.5,0.0
427,0,65.3,0.0
428,0,65.4,0.0
429,0,65.5,0.0
430,0,65.3,0.0
431,0,65.2,0.0
432,0,65.3,0.0
433,0,65.4,0.0
434,0,65.2,0.0
435,0,65.1,0.0
436,0,65.1,0.0
437,0,65.2,0.0
438,0,65.1,0.0
439,0,65.1,0.0
440,0,65.0,0.0
441,0,64.9,0.0
442,0,64.9,0.0
443,0,64.8,0.0
444,0,64.6,0.0
445,0,64.5,0.0
446,0,64.3,0.0
447,0,64.4,0.0
448,0,64.3,0.0
449,0,64.1,0.0
450,0,64.2,0.0
451,0,64.1,0.0
452,0,64.2,0.0
453,0,64.2,0.0
454,0,64.3,0.0
455,0,64.2,0.0
456,0,64.3,0.0
457,0,64.1,0.0
458,0,64.2,0.0
459,0,64.3,0.0
460,0,64.3,0.0
461,0,64.4,0.0
462,0,64.5,0.0
463,0,64.6,0.0
464,0,64.4,0.0
465,0,64.5,0.0
466,0,64.4,0.0
467,0,64.5,0.0
468,0,64.3,0.0
469,0,64.2,0.0
470,0,64.3,0.0
471,0,64.1,0.0
472,0,64.2,0.0
473,0,64.3,0.0
474,0,64.1,0.0
475,0,64.0,0.0
476,0,64.1,0.0
477,0,63.9,0.0
478,0,63.8,0.0
479,0,63.9,0.0
480,0,63.7,0.0
481,0,63.8,0.0
482,0,63.9,0.0
483,0,63.8,0.0
484,0,63.6,0.0
485,0,63.7,0.0
486,0,63.6,0.0
487,0,63.7,0.0
488,0,63.5,0.0
489,0,63.6,0.0
490,0,63.7,0.0
491,0,63.7,0.0
492,0,63.8,0.0
493,0,63.7,0.0
494,0,63.6,0.0
495,0,63.6,0.0
496,0,63.5,0.0
497,0,63.4,0.0
498,0,63.3,0.0
499,0,63.3,0.0
500,0,63.4,0.0
501,0,63.3,0.0
502,0,63.1,0.0
503,0,63.0,0.0
504,0,63.1,0.0
505,0,63.0,0.0
506,0,63.0,0.0
507,0,63.1,0.0
508,0,63.0,0.0
509,0,63.1,0.0
510,0,63.1,0.0
511,0,63.0,0.0
512,0,62.9,0.0
513,0,63.0,0.0
514,0,63.0,0.0
515,0,62.9,0.0
516,0,62.8,0.0
517,0,62.9,0.0
518,0,62.9,0.0
519,0,63.0,0.0
520,0,63.1,0.0
521,0,63.1,0.0
522,0,63.2,0.0
523,0,63.3,0.0
524,0,63.4,0.0
525,0,63.4,0.0
526,0,63.3,0.0
527,0,63.4,0.0
528,0,63.4,0.0
529,0,63.3,0.0
530,0,63.2,0.0
531,0,63.3,0.0
532,0,63.3,0.0
533,0,63.2,0.0
534,0,63.1,0.0
535,0,63.0,0.0
536,0,63.1,0.0
537,0,62.9,0.0
538,0,62.8,0.0
539,0,62.9,0.0
540,0,63.0,0.0
541,0,62.8,0.0
542,0,62.7,0.0
543,0,62.6,0.0
544,0,62.7,0.0
545,0,62.8,0.0
546,0,62.8,0.0
547,0,62.7,0.0
548,21.0,62.8,2.1
549,21.0,62.8,2.09
550,21.0,62.9,2.09
551,21.0,63.0,2.09
552,21.0,62.9,2.08
553,21.0,62.9,2.08
554,21.0,63.0,2.08
555,21.0,63.1,2.07
556,21.0,63.1,2.07
557,21.0,63.0,2.06
558,21.0,63.1,2.06
559,21.0,63.0,2.06
560,21.0,62.9,2.05
561,21.0,62.9,2.05
562,21.0,63.0,2.05
563,21.0,62.9,2.04
564,21.0,62.8,2.04
565,21.0,62.8,2.04
566,21.0,62.9,2.03
567,21.0,62.8,2.03
568,21.0,62.9,2.02
569,21.0,62.7,2.02
570,21.0,62.6,2.02
571,21.0,62.7,2.01
572,21.0,62.6,2.01
573,21.0,62.5,2.01
574,21.0,62.5,2.0
575,21.0,62.6,2.0
576,21.0,62.7,2.0
577,21.0,62.7,1.99
578,21.0,62.6,1.99
579,21.0,62.5,1.99
580,21.0,62.4,1.98
581,21.0,62.3,1.98
582,21.0,62.2,1.98
583,21.0,62.3,1.97
584,21.0,62.3,1.97
585,21.0,62.2,1.97
586,21.0,62.1,1.96
587,21.0,62.0,1.96
588,21.0,61.9,1.96
589,21.0,62.0,1.95
590,21.0,62.0,1.95
591,21.0,61.9,1.95
592,21.0,61.8,1.94
593,21.0,61.7,1.94
594,21.0,61.8,1.94
595,21.0,61.8,1.93
596,21.0,61.9,1.93
597,21.0,62.0,1.93
598,21.0,62.0,1.92
599,21.0,62.1,1.92
600,21.0,62.0,1.92
601,21.0,62.1,1.91
602,21.0,62.1,1.91
603,21.0,62.2,1.91
604,21.0,62.3,1.9
605,21.0,62.3,1.9
606,21.0,62.4,1.9
607,21.0,62.3,1.89
608,21.0,62.3,1.89
609,21.0,62.4,1.89
610,21.0,62.5,1.89
611,21.0,62.5,1.88
612,21.0,62.4,1.88
613,26.5,62.3,4.65
614,26.5,62.4,4.64
615,25.7,62.4,6.75
616,25.7,62.3,6.74
617,25.7,62.2,6.73
618,25.7,62.3,6.72
619,25.7,62.2,6.7
620,25.7,62.1,6.69
621,25.7,62.2,6.68
622,25.7,62.2,6.67
623,25.7,62.3,6.66
624,25.7,62.2,6.65
625,25.7,62.1,6.64
626,25.7,62.1,6.63
627,25.7,62.2,6.62
628,25.7,62.1,6.61
629,25.7,62.0,6.6
630,25.7,61.9,6.59
631,25.7,62.0,6.58
632,25.7,61.9,6.57
633,25.7,61.8,6.56
634,25.7,61.8,6.55
635,25.7,61.7,6.54
636,25.7,61.8,6.53
637,25.7,61.7,6.51
638,25.7,61.6,6.5
639,25.7,61.7,6.49
640,25.7,61.6,6.48
641,25.7,61.5,6.47
642,25.7,61.5,6.46
643,25.7,61.6,6.45
644,25.7,61.6,6.44
645,25.7,61.6,6.43
646,25.7,61.6,6.42
647,25.7,61.5,6.41
648,25.7,61.6,6.4
649,25.7,61.6,6.39
650,25.7,61.7,6.38
651,25.7,61.8,6.37
652,25.7,61.8,6.37
653,25.7,61.9,6.36
654,25.7,61.8,6.35
655,25.7,61.8,6.34
656,25.7,61.9,6.33
657,25.7,61.9,6.32
658,25.7,61.9,6.31
659,25.7,61.8,6.3
660,25.7,61.7,6.29
661,25.7,61.7,6.28
662,25.7,61.8,6.27
663,25.7,61.8,6.26
664,25.7,61.7,6.25
665,25.7,61.7,6.24
666,25.7,61.7,6.23
667,25.7,61.8,6.22
668,25.7,61.8,6.21
669,25.7,61.9,6.2
670,25.7,61.9,6.19
671,25.7,62.0,6.18
672,25.7,61.9,6.18
673,25.7,62.0,6.17
674,25.7,62.0,6.16
675,25.7,62.1,6.15
676,25.7,62.1,6.14
677,25.7,62.0,6.13
678,25.7,62.1,6.12
679,25.7,62.0,6.11
680,25.7,61.9,6.1
681,25.7,61.8,6.09
682,25.7,61.9,6.09
683,25.7,61.9,6.08
684,25.7,62.0,6.07
685,25.7,62.0,6.06
686,25.7,62.1,6.05
687,25.7,62.0,6.04
688,25.7,62.1,6.03
689,25.7,62.1,6.02
690,25.7,62.0,6.01
691,25.7,61.9,6.01
692,25.7,62.0,6.0
693,25.7,62.0,5.99
694,25.7,62.1,5.98
695,25.7,62.2,5.97
696,25.7,62.1,5.96
697,25.7,62.0,5.95
698,25.7,62.0,5.95
699,25.7,62.1,5.94
700,25.7,62.1,5.93
701,25.7,62.1,5.92
702,25.7,62.1,5.91
703,25.7,62.0,5.9
704,25.7,61.9,5.89
705,25.7,61.8,5.89
706,25.7,61.9,5.88
707,25.7,62.0,5.87
708,25.7,62.0,5.86
709,25.7,62.1,5.85
710,25.7,62.1,5.85
711,25.7,62.2,5.84
712,25.7,62.1,5.83
713,25.7,62.0,5.82
714,25.7,61.9,5.81
715,25.7,61.8,5.8
716,25.7,61.9,5.8
717,25.7,61.9,5.79
718,25.7,62.0,5.78
719,25.7,61.9,5.77
720,25.7,61.9,5.76
721,25.7,61.9,5.76
722,25.7,61.9,5.75
723,25.7,61.8,5.74
724,25.7,61.9,5.73
725,25.7,61.9,5.72
726,25.7,61.8,5.72
727,24.8,61.9,7.36
728,24.8,61.8,7.35
729,24.8,61.9,7.34
730,24.8,61.9,7.33
731,24.8,61.8,7.32
732,24.8,61.9,7.31
733,24.8,61.9,7.3
734,24.8,61.9,7.29
735,24.8,61.8,7.28
736,24.8,61.8,7.27
737,24.8,61.9,7.26
738,24.8,61.8,7.25
739,24.8,61.7,7.24
740,24.8,61.8,7.23
741,24.8,61.7,7.22
742,24.8,61.6,7.21
743,24.8,61.6,7.2
744,24.8,61.7,7.19
745,24.8,61.7,7.18
746,24.8,61.8,7.17
747,24.8,61.7,7.16
748,24.8,61.6,7.15
749,24.8,61.7,7.14
750,24.8,61.6,7.13
751,28.6,61.7,10.19
752,28.6,61.7,10.17
753,28.6,61.6,10.16
754,28.6,61.5,10.15
755,28.6,61.6,10.13
756,28.6,61.6,10.12
757,28.6,61.7,10.11
758,28.6,61.6,10.09
759,28.6,61.7,10.08
760,28.6,61.7,10.07
761,28.6,61.8,10.05
762,28.6,61.8,10.04
763,28.6,61.7,10.03
764,28.6,61.8,10.01
765,28.6,61.8,10.0
766,28.6,61.7,9.99
767,28.6,61.7,9.97
768,28.6,61.6,9.96
769,28.6,61.6,9.95
770,28.6,61.6,9.94
771,28.6,61.5,9.92
772,28.6,61.5,9.91
773,28.6,61.4,9.9
774,28.6,61.4,9.88
775,28.6,61.3,9.87
776,28.6,61.3,9.86
777,28.6,61.4,9.85
778,28.6,61.4,9.83
779,28.6,61.4,9.82
780,28.6,61.4,9.81
781,28.6,61.3,9.8
782,28.6,61.3,9.78
783,30.8,61.2,12.58
784,30.8,61.2,12.56
785,30.8,61.3,12.55
786,30.8,61.3,12.53
787,30.8,61.4,12.52
788,30.8,61.3,12.5
789,30.8,61.3,12.48
790,30.8,61.4,12.47
791,30.8,61.3,12.45
792,30.8,61.2,12.44
793,30.8,61.3,12.42
794,30.8,61.3,12.41
795,30.8,61.4,12.39
796,30.8,61.3,12.37
797,30.8,61.4,12.36
798,30.8,61.3,12.34
799,30.8,61.3,12.33
800,30.8,61.4,12.31
801,30.8,61.3,12.3
802,30.8,61.3,12.28
803,30.8,61.3,12.27
804,30.8,61.3,12.25
805,30.8,61.2,12.24
806,30.8,61.3,12.22
807,30.8,61.3,12.21
808,30.8,61.3,12.19
809,30.8,61.3,12.18
810,30.8,61.4,12.16
811,30.8,61.3,12.15
812,30.8,61.2,12.13
813,30.8,61.1,12.12
814,30.8,61.2,12.1
815,30.8,61.2,12.09
816,30.8,61.2,12.07
817,30.8,61.1,12.06
818,30.8,61.0,12.04
819,30.8,60.9,12.03
820,30.8,61.0,12.01
821,30.8,61.0,12.0
822,30.8,61.1,11.98
823,30.8,61.0,11.97
824,30.8,61.0,11.95
825,30.8,61.0,11.94
826,30.8,60.9,11.92
827,30.8,60.9,11.91
828,30.8,60.9,11.9
829,30.8,60.8,11.88
830,30.8,60.8,11.87
831,30.8,60.9,11.85
832,30.8,60.9,11.84
833,30.8,60.9,11.82
834,30.8,60.9,11.81
835,30.8,60.8,11.8
836,30.8,60.8,11.78
837,30.8,60.8,11.77
838,30.8,60.9,11.75
839,30.8,60.9,11.74
840,30.8,61.0,11.73
841,30.8,61.0,11.71
842,30.8,61.0,11.7
843,30.8,61.0,11.68
844,30.8,60.9,11.67
845,30.8,60.9,11.66
846,30.8,61.0,11.64
847,30.8,61.0,11.63
848,30.8,61.1,11.62
849,30.8,61.0,11.6
850,30.8,61.1,11.59
851,30.8,61.1,11.57
852,30.8,61.2,11.56
853,30.8,61.1,11.55
854,30.8,61.0,11.53
855,30.8,60.9,11.52
856,30.8,61.0,11.51
857,30.8,60.9,11.49
858,30.8,61.0,11.48
859,30.8,61.0,11.47
860,30.8,60.9,11.45
861,30.8,61.0,11.44
862,30.8,60.9,11.43
863,30.8,60.8,11.41
864,30.8,60.9,11.4
865,30.8,60.9,11.39
866,30.8,61.0,11.37
867,30.8,61.0,11.36
868,30.8,60.9,11.35
869,30.8,61.0,11.33
870,30.8,60.9,11.32
871,30.8,61.0,11.31
872,30.8,61.0,11.3
873,30.8,61.1,11.28
874,30.8,61.1,11.27
875,30.8,61.0,11.26
876,30.8,61.0,11.24
877,30.8,61.0,11.23
878,30.8,61.0,11.22
879,30.8,61.1,11.21
880,30.8,61.1,11.19
881,30.8,61.2,11.18
882,30.8,61.1,11.17
883,30.8,61.2,11.16
884,30.8,61.2,11.14
885,30.8,61.2,11.13
886,30.8,61.3,11.12
887,30.8,61.3,11.1
888,30.8,61.3,11.09
889,30.8,61.2,11.08
890,30.8,61.2,11.07
891,30.8,61.2,11.05
892,30.8,61.2,11.04
893,30.8,61.1,11.03
894,30.8,61.2,11.02
895,30.8,61.2,11.01
896,30.8,61.3,10.99
897,30.8,61.2,10.98
898,30.8,61.2,10.97
899,30.8,61.2,10.96
900,30.8,61.2,10.94
901,30.8,61.2,10.93
902,30.8,61.1,10.92
903,30.8,61.0,10.91
904,30.8,61.1,10.9
905,30.8,61.1,10.88
906,30.8,61.0,10.87
907,30.8,61.1,10.86
908,30.8,61.1,10.85
909,30.8,61.1,10.84
910,30.8,61.1,10.82
911,30.8,61.1,10.81
912,30.8,61.1,10.8
913,30.8,61.1,10.79
914,30.8,61.1,10.78
915,30.8,61.0,10.77
916,30.8,61.0,10.75
917,30.8,61.1,10.74
918,30.8,61.0,10.73
919,30.8,61.0,10.72
920,30.8,61.0,10.71
921,30.8,60.9,10.69
922,30.8,61.0,10.68
923,30.8,61.0,10.67
924,30.8,61.0,10.66
925,30.8,61.1,10.65
926,30.8,61.1,10.64
927,30.8,61.1,10.63
928,30.8,61.1,10.61
929,30.8,61.1,10.6
930,30.8,61.2,10.59
931,30.8,61.1,10.58
932,30.8,61.1,10.57
933,30.8,61.1,10.56
934,30.8,61.1,10.55
935,30.8,61.1,10.53
936,30.8,61.0,10.52
937,30.8,60.9,10.51
938,30.8,60.9,10.5
939,30.8,60.9,10.49
940,30.8,61.0,10.48
941,30.8,60.9,10.47
942,30.8,60.9,10.46
943,30.8,61.0,10.45
944,30.8,61.0,10.43
945,30.8,61.1,10.42
946,30.8,61.1,10.41
947,30.8,61.1,10.4
948,30.8,61.1,10.39
949,30.8,61.1,10.38
950,30.8,61.2,10.37
951,30.8,61.1,10.36
952,30.8,61.0,10.35
953,30.8,61.0,10.34
954,30.8,60.9,10.32
955,30.8,60.9,10.31
956,30.8,60.9,10.3
957,30.8,60.8,10.29
958,30.8,60.8,10.28
959,30.8,60.7,10.27
960,30.8,60.6,10.26
961,30.8,60.7,10.25
962,30.8,60.6,10.24
963,30.8,60.6,10.23
964,30.8,60.6,10.22
965,30.8,60.6,10.21
966,30.8,60.7,10.2
967,30.8,60.7,10.19
968,30.8,60.6,10.18
969,30.8,60.7,10.17
970,30.8,60.7,10.15
971,30.8,60.7,10.14
972,30.8,60.7,10.13
973,30.8,60.6,10.12
974,30.8,60.7,10.11
975,30.8,60.7,10.1
976,30.8,60.8,10.09
977,30.8,60.8,10.08
978,30.8,60.8,10.07
979,30.8,60.8,10.06
980,30.8,60.8,10.05
981,30.8,60.9,10.04
982,30.8,60.9,10.03
983,30.8,60.8,10.02
984,30.8,60.9,10.01
985,30.8,60.9,10.0
986,30.8,61.0,9.99
987,30.8,61.0,9.98
988,30.8,61.0,9.97
989,30.8,61.0,9.96
990,30.8,61.0,9.95
991,30.8,61.0,9.94
992,30.8,61.0,9.93
993,30.8,61.0,9.92
994,30.8,61.1,9.91
995,30.8,61.0,9.9
996,30.8,60.9,9.89
997,30.8,60.9,9.88
998,30.8,60.9,9.87
999,30.8,60.9,9.86
1000,30.8,60.9,9.85
1001,30.8,60.8,9.84
1002,30.8,60.8,9.83
1003,30.8,60.8,9.82
1004,30.8,60.9,9.81
1005,30.8,60.8,9.8
1006,30.8,60.7,9.79
1007,30.8,60.7,9.78
1008,30.8,60.7,9.77
1009,30.8,60.7,9.76
1010,30.8,60.7,9.75
1011,30.8,60.7,9.74
1012,30.8,60.8,9.73
1013,30.8,60.8,9.72
1014,30.8,60.8,9.71
1015,30.8,60.8,9.7
1016,30.8,60.7,9.69
1017,30.8,60.8,9.69
1018,30.8,60.7,9.68
1019,30.8,60.7,9.67
1020,30.8,60.7,9.66
1021,30.8,60.6,9.65
1022,30.8,60.7,9.64
1023,30.8,60.6,9.63
1024,30.8,60.6,9.62
1025,30.8,60.7,9.61
1026,30.8,60.6,9.6
1027,30.8,60.7,9.59
1028,30.8,60.6,9.58
1029,30.8,60.5,9.57
1030,30.8,60.6,9.56
1031,30.8,60.6,9.55
1032,30.8,60.7,9.54
1033,30.8,60.6,9.54
1034,30.8,60.6,9.53
1035,30.8,60.6,9.52
1036,30.8,60.5,9.51
1037,30.8,60.5,9.5
1038,30.8,60.5,9.49
1039,30.8,60.4,9.48
1040,30.8,60.4,9.47
1041,30.8,60.3,9.46
1042,30.8,60.4,9.45
1043,30.8,60.3,9.44
1044,30.8,60.3,9.43
1045,30.8,60.4,9.43
1046,30.8,60.4,9.42
1047,30.8,60.4,9.41
1048,30.8,60.3,9.4
1049,30.8,60.2,9.39
1050,30.8,60.3,9.38
1051,30.8,60.3,9.37
1052,30.8,60.4,9.36
1053,30.8,60.3,9.35
1054,30.8,60.3,9.35
1055,30.8,60.3,9.34
1056,30.8,60.3,9.33
1057,30.8,60.3,9.32
1058,30.8,60.3,9.31
1059,30.8,60.3,9.3
1060,30.8,60.3,9.29
1061,30.8,60.3,9.28
1062,30.8,60.4,9.27
1063,30.8,60.3,9.27
1064,30.8,60.3,9.26
1065,30.8,60.3,9.25
1066,30.8,60.2,9.24
1067,30.8,60.3,9.23
1068,30.8,60.2,9.22
1069,30.8,60.1,9.21
1070,30.8,60.1,9.21
1071,30.8,60.1,9.2
1072,30.8,60.1,9.19
1073,30.8,60.1,9.18
1074,30.8,60.1,9.17
1075,30.8,60.2,9.16
1076,30.8,60.1,9.15
1077,30.8,60.2,9.15
1078,30.8,60.1,9.14
1079,30.8,60.1,9.13
1080,30.8,60.2,9.12
1081,30.8,60.2,9.11
1082,30.8,60.3,9.1
1083,30.8,60.2,9.1
1084,30.8,60.2,9.09
1085,30.8,60.2,9.08
1086,30.8,60.2,9.07
1087,30.8,60.3,9.06
1088,30.8,60.2,9.05
1089,30.8,60.2,9.04
1090,30.8,60.2,9.04
1091,30.8,60.2,9.03
1092,30.8,60.2,9.02
1093,30.8,60.1,9.01
1094,30.8,60.1,9.0
1095,30.8,60.1,9.0
1096,30.8,60.1,8.99
1097,30.8,60.1,8.98
1098,30.8,60.1,8.97
1099,30.8,60.1,8.96
1100,30.8,60.1,8.95
1101,30.8,60.1,8.95
1102,30.8,60.1,8.94
1103,30.8,60.0,8.93
1104,30.8,60.0,8.92
1105,30.8,60.0,8.91
1106,30.8,60.0,8.91
1107,30.8,60.1,8.9
1108,30.8,60.1,8.89
1109,30.8,60.1,8.88
1110,30.8,60.1,8.87
1111,30.8,60.1,8.87
1112,30.8,60.2,8.86
1113,30.8,60.2,8.85
1114,30.8,60.2,8.84
1115,30.8,60.3,8.83
1116,30.8,60.3,8.83
1117,30.8,60.3,8.82
1118,30.8,60.2,8.81
1119,30.8,60.2,8.8
1120,30.8,60.3,8.79
1121,30.8,60.3,8.79
1122,30.8,60.3,8.78
1123,30.8,60.4,8.77
1124,30.8,60.4,8.76
1125,30.8,60.4,8.76
1126,30.8,60.3,8.75
1127,30.8,60.2,8.74
1128,30.8,60.3,8.73
1129,30.8,60.3,8.72
1130,30.8,60.3,8.72
1131,30.8,60.3,8.71
1132,30.8,60.2,8.7
1133,30.8,60.2,8.69
1134,30.8,60.1,8.69
1135,30.8,60.2,8.68
1136,30.8,60.2,8.67
1137,30.8,60.2,8.66
1138,30.8,60.3,8.66
1139,30.8,60.2,8.65
1140,30.8,60.2,8.64
1141,30.8,60.2,8.63
1142,30.8,60.2,8.63
1143,30.8,60.1,8.62
1144,30.8,60.1,8.61
1145,30.8,60.1,8.6
1146,30.8,60.1,8.6
1147,30.8,60.2,8.59
1148,30.8,60.2,8.58
1149,30.8,60.1,8.57
1150,30.8,60.1,8.57
1151,30.8,60.0,8.56
1152,30.8,60.1,8.55
1153,30.8,60.1,8.54
1154,30.8,60.1,8.54
1155,30.8,60.1,8.53
1156,30.8,60.1,8.52
1157,30.8,60.2,8.51
1158,30.8,60.1,8.51
1159,30.8,60.1,8.5
1160,31.9,60.2,10.22
1161,31.9,60.1,10.21
1162,31.9,60.2,10.2
1163,31.9,60.2,10.19
1164,31.9,60.2,10.18
1165,31.9,60.2,10.17
1166,31.9,60.2,10.16
1167,31.9,60.2,10.15
1168,31.9,60.2,10.15
1169,31.9,60.2,10.14
1170,31.9,60.2,10.13
1171,31.9,60.2,10.12
1172,31.9,60.2,10.11
1173,31.9,60.3,10.1
1174,31.9,60.3,10.09
1175,31.9,60.3,10.09
1176,31.9,60.3,10.08
1177,31.9,60.3,10.07
1178,31.9,60.4,10.06
1179,31.9,60.3,10.05
1180,31.9,60.3,10.04
1181,31.9,60.3,10.03
1182,31.9,60.3,10.03
1183,31.9,60.3,10.02
1184,31.9,60.2,10.01
1185,31.9,60.2,10.0
1186,31.9,60.2,9.99
1187,31.9,60.2,9.98
1188,31.9,60.1,9.97
1189,31.9,60.1,9.97
1190,31.9,60.1,9.96
1191,31.9,60.0,9.95
1192,31.9,60.1,9.94
1193,31.9,60.0,9.93
1194,31.9,60.1,9.92
1195,31.9,60.1,9.92
1196,31.9,60.0,9.91
1197,31.9,60.1,9.9
1198,31.9,60.0,9.89
1199,31.9,60.0,9.88
1200,31.9,59.9,9.88
1201,31.9,60.0,9.87
1202,31.9,60.0,9.86
1203,31.9,60.0,9.85
1204,31.9,60.0,9.84
1205,31.9,60.1,9.83
1206,31.9,60.0,9.83
1207,31.9,60.0,9.82
1208,31.9,60.0,9.81
1209,31.9,60.0,9.8
1210,31.9,60.1,9.79
1211,31.9,60.0,9.79
1212,31.9,60.0,9.78
1213,31.9,60.0,9.77
1214,35.0,60.0,12.19
1215,35.0,59.9,12.18
1216,35.0,60.0,12.17
1217,35.0,60.0,12.16
1218,35.0,60.0,12.15
1219,35.0,60.0,12.14
1220,35.0,60.0,12.13
1221,35.0,60.0,12.12
1222,35.0,60.0,12.11
1223,35.0,59.9,12.1
1224,35.0,59.9,12.09
1225,35.0,59.8,12.08
1226,35.0,59.9,12.07
1227,35.0,59.8,12.06
1228,35.0,59.8,12.05
1229,35.0,59.8,12.04
1230,37.4,59.8,14.43
1231,37.4,59.8,14.42
1232,37.4,59.8,14.41
1233,37.4,59.8,14.4
1234,37.4,59.8,14.38
1235,37.4,59.8,14.37
1236,37.4,59.8,14.36
1237,37.4,59.8,14.35
1238,37.4,59.8,14.34
1239,37.4,59.8,14.33
1240,37.4,59.8,14.31
1241,37.4,59.8,14.3
1242,37.4,59.7,14.29
1243,37.4,59.8,14.28
1244,37.4,59.8,14.27
1245,37.4,59.8,14.26
1246,37.4,59.9,14.25
1247,37.4,59.8,14.23
1248,37.4,59.9,14.22
1249,37.4,59.9,14.21
1250,37.4,59.8,14.2
1251,37.4,59.9,14.19
1252,37.4,59.9,14.18
1253,37.4,59.9,14.17
1254,37.4,59.9,14.15
1255,37.4,59.9,14.14
1256,37.4,60.0,14.13
1257,37.4,60.0,14.12
1258,37.4,59.9,14.11
1259,37.4,59.9,14.1
1260,37.4,59.9,14.09
1261,37.4,60.0,14.08
1262,37.4,59.9,14.06
1263,37.4,59.9,14.05
1264,37.4,60.0,14.04
1265,37.4,60.0,14.03
1266,37.4,60.0,14.02
1267,37.4,60.0,14.01
1268,37.4,60.0,14.0
1269,37.4,60.0,13.99
1270,37.4,60.0,13.98
1271,37.4,60.0,13.97
1272,37.4,60.1,13.95
1273,37.4,60.0,13.94
1274,37.4,60.0,13.93
1275,37.4,60.1,13.92
1276,37.4,60.1,13.91
1277,37.4,60.1,13.9
1278,37.4,60.0,13.89
1279,37.4,60.0,13.88
1280,37.4,60.1,13.87
1281,37.4,60.1,13.86
1282,37.4,60.1,13.85
1283,37.4,60.0,13.83
1284,37.4,60.0,13.82
1285,37.4,60.0,13.81
1286,37.4,60.0,13.8
1287,37.4,60.0,13.79
1288,37.4,60.0,13.78
1289,37.4,60.0,13.77
1290,37.4,60.1,13.76
1291,37.4,60.1,13.75
1292,37.4,60.1,13.74
1293,37.4,60.2,13.73
1294,37.4,60.1,13.72
1295,37.4,60.1,13.71
1296,37.4,60.0,13.7
1297,37.4,60.0,13.69
1298,37.4,59.9,13.67
1299,37.4,60.0,13.66
1300,37.4,59.9,13.65
1301,36.9,59.9,14.95
1302,36.9,59.9,14.94
1303,36.9,59.9,14.93
1304,36.9,60.0,14.92
1305,37.8,59.9,16.78
1306,37.8,59.9,16.77
1307,37.8,59.9,16.76
1308,37.8,59.9,16.74
1309,37.8,60.0,16.73
1310,37.8,60.0,16.72
1311,37.8,60.0,16.7
1312,37.8,60.1,16.69
1313,37.8,60.0,16.68
1314,37.8,60.0,16.67
1315,37.8,60.0,16.65
1316,37.8,60.0,16.64
1317,36.8,60.0,17.69
1318,36.8,59.9,17.68
1319,36.8,59.9,17.66
1320,36.8,59.9,17.65
1321,36.8,59.9,17.64
1322,36.8,59.8,17.62
1323,36.8,59.9,17.61
1324,36.8,59.9,17.6
1325,36.8,59.9,17.58
1326,36.8,60.0,17.57
1327,36.8,60.0,17.56
1328,36.8,60.0,17.55
1329,36.8,60.0,17.53
1330,36.8,60.0,17.52
1331,36.8,60.0,17.51
1332,36.8,60.0,17.49
1333,36.8,59.9,17.48
1334,36.8,60.0,17.47
1335,36.8,60.0,17.45
1336,36.8,60.0,17.44
1337,36.8,60.0,17.43
1338,36.8,59.9,17.41
1339,36.8,59.9,17.4
1340,36.8,59.9,17.39
1341,36.8,59.9,17.38
1342,36.8,59.8,17.36
1343,36.8,59.8,17.35
1344,36.8,59.7,17.34
1345,36.8,59.7,17.32
1346,36.8,59.7,17.31
1347,36.8,59.7,17.3
1348,36.8,59.6,17.28
1349,36.8,59.6,17.27
1350,36.8,59.6,17.26
1351,36.8,59.6,17.25
1352,36.8,59.6,17.23
1353,36.8,59.6,17.22
1354,36.8,59.7,17.21
1355,36.8,59.7,17.2
1356,36.8,59.7,17.18
1357,36.8,59.8,17.17
1358,36.8,59.8,17.16
1359,36.8,59.8,17.14
1360,36.8,59.9,17.13
1361,36.8,59.9,17.12
1362,36.8,59.9,17.11
1363,36.8,59.9,17.09
1364,36.8,59.9,17.08
1365,36.8,59.9,17.07
1366,36.8,59.9,17.06
1367,36.8,59.9,17.04
1368,36.8,59.9,17.03
1369,36.8,60.0,17.02
1370,36.8,60.0,17.01
1371,36.8,60.0,16.99
1372,36.8,60.1,16.98
1373,36.8,60.0,16.97
1374,36.8,60.0,16.96
1375,36.8,60.0,16.95
1376,36.8,60.0,16.93
1377,36.8,60.0,16.92
1378,36.8,60.0,16.91
1379,36.8,60.0,16.9
1380,36.8,59.9,16.88
1381,36.8,59.9,16.87
1382,36.8,59.8,16.86
1383,36.8,59.9,16.85
1384,36.8,59.8,16.84
1385,36.8,59.9,16.82
1386,36.8,59.8,16.81
1387,36.8,59.8,16.8
1388,36.8,59.8,16.79
1389,36.8,59.8,16.77
1390,36.8,59.9,16.76
1391,36.8,59.8,16.75
1392,36.8,59.8,16.74
1393,36.8,59.9,16.73
1394,36.8,59.8,16.71
1395,36.8,59.9,16.7
1396,36.8,59.9,16.69
1397,36.8,59.9,16.68
1398,36.8,59.9,16.67
1399,36.8,59.9,16.65
1400,36.8,59.9,16.64
1401,36.8,59.9,16.63
1402,36.8,59.9,16.62
1403,36.8,59.9,16.61
1404,36.8,59.9,16.6
1405,36.8,59.9,16.58
1406,36.8,60.0,16.57
1407,36.8,59.9,16.56
1408,36.8,59.9,16.55
1409,36.8,60.0,16.54
1410,36.8,59.9,16.52
1411,36.8,59.9,16.51
1412,36.8,59.9,16.5
1413,36.8,59.9,16.49
1414,36.8,59.9,16.48
1415,36.8,59.9,16.47
1416,36.8,59.9,16.45
1417,36.8,59.8,16.44
1418,36.8,59.9,16.43
1419,36.8,59.8,16.42
1420,36.8,59.9,16.41
1421,36.8,59.9,16.4
1422,36.8,59.9,16.39
1423,36.8,59.9,16.37
1424,36.8,59.8,16.36
1425,36.8,59.9,16.35
1426,36.8,59.9,16.34
1427,36.8,59.8,16.33
1428,36.8,59.9,16.32
1429,36.8,59.9,16.31
1430,36.8,59.9,16.29
1431,36.8,59.9,16.28
1432,36.8,59.8,16.27
1433,36.8,59.9,16.26
1434,36.8,59.9,16.25
1435,36.8,59.9,16.24
1436,36.8,59.8,16.23
1437,36.8,59.8,16.21
1438,36.8,59.8,16.2
1439,36.8,59.8,16.19
1440,36.8,59.8,16.18
1441,36.8,59.8,16.17
1442,36.8,59.8,16.16
1443,36.8,59.8,16.15
1444,36.8,59.8,16.14
1445,36.8,59.8,16.12
1446,36.8,59.8,16.11
1447,36.8,59.8,16.1
1448,36.8,59.7,16.09
1449,36.8,59.7,16.08
1450,36.8,59.7,16.07
1451,36.8,59.6,16.06
1452,36.8,59.6,16.05
1453,36.8,59.6,16.04
1454,36.8,59.6,16.02
1455,36.8,59.6,16.01
1456,36.8,59.5,16.0
1457,36.8,59.6,15.99
1458,36.8,59.5,15.98
1459,36.8,59.6,15.97
1460,36.8,59.6,15.96
1461,36.8,59.5,15.95
1462,36.8,59.6,15.94
1463,36.8,59.6,15.93
1464,36.8,59.6,15.92
1465,36.8,59.7,15.9
1466,36.8,59.7,15.89
1467,36.8,59.7,15.88
1468,36.8,59.7,15.87
1469,36.8,59.8,15.86
1470,36.8,59.7,15.85
1471,36.8,59.8,15.84
1472,36.8,59.8,15.83
1473,36.8,59.8,15.82
1474,36.8,59.8,15.81
1475,36.8,59.8,15.8
1476,36.8,59.8,15.79
1477,36.8,59.8,15.78
1478,36.8,59.7,15.76
1479,36.8,59.8,15.75
1480,36.8,59.8,15.74
1481,36.8,59.8,15.73
1482,36.8,59.9,15.72
1483,36.8,59.8,15.71
1484,36.8,59.8,15.7
1485,36.8,59.8,15.69
1486,36.8,59.8,15.68
1487,36.8,59.9,15.67
1488,36.8,59.9,15.66
1489,36.8,59.8,15.65
1490,36.8,59.9,15.64
1491,36.8,59.9,15.63
1492,36.8,59.9,15.62
1493,36.8,59.8,15.61
1494,36.8,59.8,15.6
1495,36.8,59.8,15.59
1496,36.8,59.8,15.57
1497,36.8,59.8,15.56
1498,36.8,59.8,15.55
1499,36.8,59.8,15.54
1500,36.8,59.9,15.53
1501,36.8,59.8,15.52
1502,36.8,59.9,15.51
1503,36.8,59.8,15.5
1504,36.8,59.8,15.49
1505,36.8,59.9,15.48
1506,36.8,59.8,15.47
1507,36.8,59.9,15.46
1508,36.8,59.9,15.45
1509,36.8,59.8,15.44
1510,36.8,59.9,15.43
1511,36.8,59.9,15.42
1512,36.8,59.9,15.41
1513,36.8,59.9,15.4
1514,36.8,59.9,15.39
1515,36.8,59.9,15.38
1516,36.8,59.9,15.37
1517,36.8,59.9,15.36
1518,36.8,59.9,15.35
1519,36.8,59.9,15.34
1520,36.8,59.9,15.33
1521,36.8,60.0,15.32
1522,36.8,59.9,15.31
1523,36.8,59.9,15.3
1524,36.8,60.0,15.29
1525,36.8,60.0,15.28
1526,36.8,60.0,15.27
1527,36.8,59.9,15.26
1528,36.8,59.9,15.25
1529,36.8,60.0,15.24
1530,36.8,60.0,15.23
1531,36.8,60.0,15.22
1532,36.8,60.1,15.21
1533,36.8,60.0,15.2
1534,36.8,60.0,15.19
1535,36.8,60.1,15.18
1536,36.8,60.1,15.17
1537,36.8,60.1,15.16
1538,36.8,60.1,15.15
1539,36.8,60.0,15.14
1540,36.8,60.0,15.13
1541,36.8,60.0,15.12
1542,36.8,60.1,15.11
1543,36.2,60.0,16.1
1544,36.2,60.0,16.09
1545,36.2,60.1,16.08
1546,36.2,60.1,16.07
1547,36.2,60.1,16.06
1548,36.2,60.0,16.05
1549,36.2,60.0,16.04
1550,36.2,60.1,16.03
1551,36.2,60.0,16.02
1552,36.2,60.0,16.01
1553,36.2,60.0,16.0
1554,36.2,60.0,15.99
1555,36.2,60.1,15.98
1556,36.2,60.0,15.97
1557,36.2,60.1,15.96
1558,36.2,60.1,15.95
1559,36.2,60.1,15.94
1560,36.2,60.1,15.93
1561,36.2,60.0,15.92
1562,36.2,60.0,15.91
1563,36.2,60.0,15.9
1564,36.2,60.0,15.89
1565,36.2,60.0,15.88
1566,36.2,60.0,15.87
1567,36.2,60.0,15.86
1568,36.2,60.0,15.85
1569,36.2,60.0,15.84
1570,36.2,60.0,15.83
1571,36.2,60.0,15.82
1572,36.2,60.0,15.81
1573,36.2,60.0,15.8
1574,36.2,60.0,15.79
1575,36.2,60.1,15.78
1576,36.2,60.0,15.77
1577,36.2,60.1,15.76
1578,36.2,60.0,15.75
1579,36.2,60.0,15.74
1580,36.2,60.1,15.73
1581,36.2,60.0,15.72
1582,36.2,60.1,15.71
